INSERT INTO title_categories (id, category_name) VALUES
    (1, 'Movie'),
    (2, 'Serie');

INSERT INTO titles (id, original_title, is_an_adult_film, start_year, end_year, runtime_minutes, category_id) VALUES
    (1, 'Titanic', true, 1997, null, 200, 1),
    (2, 'Star Wars', false, 1977, null, 260, 1),
    (3, 'Indiana Jones', false, 1981, null, 180, 1),
    (4, 'Aladin', false, 1992, null, 90, 1),
    (5, 'Naruto', false, 1999, 2014, null, 2),
    (6, 'Dragon Ball Z', false, 1989, 1996, null, 2),
    (7, 'Fullmetal alchemist Brotherhood', false, 2009, 2010, null, 2),
    (8, 'Atack on Titan', true, 2009, 2021, null, 2),
    (9, 'Death Note', true, 2003, 2007, null, 2),
    (10, 'Tierra de Osos', false, 2003, null, 100, 2);

INSERT INTO reviews(dtype, id, date, extended_description, language, nmbr_dislike, nmbr_like, platform_writerid, rating, source_platform,
summary_description, geographic_position, nick_name, spoiler_alert) VALUES
    ('PremiumReview', 1, TO_DATE('6/5/2021', 'DD/MM/YYYY'), 'description', 'Spanish', 0, 0, 'Net1', 5, 'Netflix',
     'desc', null, null, null),
    ('PublicReview', 2, TO_DATE('6/5/2021', 'DD/MM/YYYY'), 'description', 'Spanish', 0, 0, 'Net2', 2, 'Netflix',
     'desc', 'Argentina', 'Fran', false),
    ('PremiumReview', 3, TO_DATE('6/5/2021', 'DD/MM/YYYY'), 'description', 'Spanish', 0, 0, 'Net1', 5, 'Netflix',
     'desc', null, null, null),
    ('PublicReview', 4, TO_DATE('6/5/2021', 'DD/MM/YYYY'), 'description', 'Spanish', 0, 0, 'Net2', 2, 'Netflix',
     'desc', 'Argentina', 'Fran', false),
    ('PremiumReview', 5, TO_DATE('6/5/2021', 'DD/MM/YYYY'), 'description', 'Spanish', 0, 0, 'Net1', 5, 'Netflix',
     'desc', null, null, null),
    ('PublicReview', 6, TO_DATE('6/5/2021', 'DD/MM/YYYY'), 'description', 'Spanish', 0, 0, 'Net2', 2, 'Netflix',
     'desc', 'Argentina', 'Fran', false),
    ('PremiumReview', 7, TO_DATE('6/5/2021', 'DD/MM/YYYY'), 'description', 'Spanish', 0, 0, 'Net1', 5, 'Netflix',
     'desc', null, null, null),
    ('PublicReview', 8, TO_DATE('6/5/2021', 'DD/MM/YYYY'), 'description', 'Spanish', 0, 0, 'Net2', 2, 'Netflix',
     'desc', 'Argentina', 'Fran', false),
    ('PremiumReview', 9, TO_DATE('6/5/2021', 'DD/MM/YYYY'), 'description', 'Spanish', 0, 0, 'Net1', 5, 'Netflix',
     'desc', null, null, null),
    ('PublicReview', 10, TO_DATE('6/5/2021', 'DD/MM/YYYY'), 'description', 'Spanish', 0, 0, 'Net2', 2, 'Netflix',
     'desc', 'Argentina', 'Fran', false),
    ('PremiumReview', 11, TO_DATE('6/5/2021', 'DD/MM/YYYY'), 'description', 'Spanish', 0, 0, 'Net1', 5, 'Netflix',
     'desc', null, null, null),
    ('PublicReview', 12, TO_DATE('6/5/2021', 'DD/MM/YYYY'), 'description', 'Spanish', 0, 0, 'Net2', 2, 'Netflix',
     'desc', 'Argentina', 'Fran', false),
    ('PremiumReview', 13, TO_DATE('6/5/2021', 'DD/MM/YYYY'), 'description', 'Spanish', 0, 0, 'Net1', 5, 'Netflix',
     'desc', null, null, null),
    ('PublicReview', 14, TO_DATE('6/5/2021', 'DD/MM/YYYY'), 'description', 'Spanish', 0, 0, 'Net2', 2, 'Netflix',
     'desc', 'Argentina', 'Fran', false),
    ('PremiumReview', 15, TO_DATE('6/5/2021', 'DD/MM/YYYY'), 'description', 'Spanish', 0, 0, 'Net1', 5, 'Netflix',
     'desc', null, null, null),
    ('PublicReview', 16, TO_DATE('6/5/2021', 'DD/MM/YYYY'), 'description', 'Spanish', 0, 0, 'Net2', 2, 'Netflix',
     'desc', 'Argentina', 'Fran', false),
    ('PremiumReview', 17, TO_DATE('6/5/2021', 'DD/MM/YYYY'), 'description', 'Spanish', 0, 0, 'Net1', 5, 'Netflix',
     'desc', null, null, null),
    ('PublicReview', 18, TO_DATE('6/5/2021', 'DD/MM/YYYY'), 'description', 'Spanish', 0, 0, 'Net2', 2, 'Netflix',
     'desc', 'Argentina', 'Fran', false),
    ('PremiumReview', 19, TO_DATE('6/5/2021', 'DD/MM/YYYY'), 'description', 'Spanish', 0, 0, 'Net1', 5, 'Netflix',
     'desc', null, null, null),
    ('PublicReview', 20, TO_DATE('6/5/2021', 'DD/MM/YYYY'), 'description', 'Spanish', 0, 0, 'Net2', 2, 'Netflix',
     'desc', 'Argentina', 'Fran', false);

INSERT INTO titles_title_reviews (title_id, title_reviews_id) values
    (1,1),
    (1,2),
    (2,3),
    (2,4),
    (3,5),
    (3,6),
    (4,7),
    (4,8),
    (5,9),
    (5,10),
    (6,11),
    (6,12),
    (7,13),
    (7,14),
    (8,15),
    (8,16),
    (9,17),
    (9,18),
    (10,19),
    (10,20);